﻿<ArrayOfString xmlns:xsi="http://www.w3.org/2001/XMLSchema-instance" xmlns:xsd="http://www.w3.org/2001/XMLSchema">
  <string>&lt;INSTANCE CLASSNAME="SMS_TaskSequenceReferencesInfo"&gt;
  &lt;PROPERTY TYPE="string" NAME="__RELPATH"&gt;
    &lt;VALUE&gt;&lt;/VALUE&gt;
  &lt;/PROPERTY&gt;
  &lt;PROPERTY NAME="PackageID" TYPE="string"&gt;
    &lt;VALUE&gt;P01000CB&lt;/VALUE&gt;
  &lt;/PROPERTY&gt;
  &lt;PROPERTY NAME="ProgramName" TYPE="string"&gt;
    &lt;VALUE&gt;*&lt;/VALUE&gt;
  &lt;/PROPERTY&gt;
  &lt;PROPERTY NAME="ReferenceDescription" TYPE="string"&gt;
    &lt;VALUE&gt;&lt;/VALUE&gt;
  &lt;/PROPERTY&gt;
  &lt;PROPERTY NAME="ReferenceName" TYPE="string"&gt;
    &lt;VALUE&gt;Boot image (x64)&lt;/VALUE&gt;
  &lt;/PROPERTY&gt;
  &lt;PROPERTY NAME="ReferencePackageID" TYPE="string"&gt;
    &lt;VALUE&gt;P0100002&lt;/VALUE&gt;
  &lt;/PROPERTY&gt;
  &lt;PROPERTY NAME="ReferencePackageType" TYPE="uint32"&gt;
    &lt;VALUE&gt;258&lt;/VALUE&gt;
  &lt;/PROPERTY&gt;
  &lt;PROPERTY NAME="ReferenceProgramName" TYPE="string"&gt;
    &lt;VALUE&gt;*&lt;/VALUE&gt;
  &lt;/PROPERTY&gt;
  &lt;PROPERTY NAME="ReferenceVersion" TYPE="string"&gt;
    &lt;VALUE&gt;6.3.9600.16384&lt;/VALUE&gt;
  &lt;/PROPERTY&gt;
&lt;/INSTANCE&gt;</string>
  <string>&lt;INSTANCE CLASSNAME="SMS_TaskSequenceReferencesInfo"&gt;
  &lt;PROPERTY TYPE="string" NAME="__RELPATH"&gt;
    &lt;VALUE&gt;&lt;/VALUE&gt;
  &lt;/PROPERTY&gt;
  &lt;PROPERTY NAME="PackageID" TYPE="string"&gt;
    &lt;VALUE&gt;P01000CB&lt;/VALUE&gt;
  &lt;/PROPERTY&gt;
  &lt;PROPERTY NAME="ProgramName" TYPE="string"&gt;
    &lt;VALUE&gt;*&lt;/VALUE&gt;
  &lt;/PROPERTY&gt;
  &lt;PROPERTY NAME="ReferenceDescription" TYPE="string"&gt;
    &lt;VALUE&gt;This package is created during installation.&lt;/VALUE&gt;
  &lt;/PROPERTY&gt;
  &lt;PROPERTY NAME="ReferenceName" TYPE="string"&gt;
    &lt;VALUE&gt;User State Migration Tool for Windows 8&lt;/VALUE&gt;
  &lt;/PROPERTY&gt;
  &lt;PROPERTY NAME="ReferencePackageID" TYPE="string"&gt;
    &lt;VALUE&gt;P0100021&lt;/VALUE&gt;
  &lt;/PROPERTY&gt;
  &lt;PROPERTY NAME="ReferencePackageType" TYPE="uint32"&gt;
    &lt;VALUE&gt;0&lt;/VALUE&gt;
  &lt;/PROPERTY&gt;
  &lt;PROPERTY NAME="ReferenceProgramName" TYPE="string"&gt;
    &lt;VALUE&gt;*&lt;/VALUE&gt;
  &lt;/PROPERTY&gt;
  &lt;PROPERTY NAME="ReferenceVersion" TYPE="string"&gt;
    &lt;VALUE&gt;6.3.9600.16384&lt;/VALUE&gt;
  &lt;/PROPERTY&gt;
&lt;/INSTANCE&gt;</string>
  <string>&lt;INSTANCE CLASSNAME="SMS_TaskSequenceReferencesInfo"&gt;
  &lt;PROPERTY TYPE="string" NAME="__RELPATH"&gt;
    &lt;VALUE&gt;&lt;/VALUE&gt;
  &lt;/PROPERTY&gt;
  &lt;PROPERTY NAME="PackageID" TYPE="string"&gt;
    &lt;VALUE&gt;P01000CB&lt;/VALUE&gt;
  &lt;/PROPERTY&gt;
  &lt;PROPERTY NAME="ProgramName" TYPE="string"&gt;
    &lt;VALUE&gt;*&lt;/VALUE&gt;
  &lt;/PROPERTY&gt;
  &lt;PROPERTY NAME="ReferenceDescription" TYPE="string"&gt;
    &lt;VALUE&gt;&lt;/VALUE&gt;
  &lt;/PROPERTY&gt;
  &lt;PROPERTY NAME="ReferenceName" TYPE="string"&gt;
    &lt;VALUE&gt;BitLocker Tools&lt;/VALUE&gt;
  &lt;/PROPERTY&gt;
  &lt;PROPERTY NAME="ReferencePackageID" TYPE="string"&gt;
    &lt;VALUE&gt;P0100030&lt;/VALUE&gt;
  &lt;/PROPERTY&gt;
  &lt;PROPERTY NAME="ReferencePackageType" TYPE="uint32"&gt;
    &lt;VALUE&gt;0&lt;/VALUE&gt;
  &lt;/PROPERTY&gt;
  &lt;PROPERTY NAME="ReferenceProgramName" TYPE="string"&gt;
    &lt;VALUE&gt;*&lt;/VALUE&gt;
  &lt;/PROPERTY&gt;
  &lt;PROPERTY NAME="ReferenceVersion" TYPE="string"&gt;
    &lt;VALUE&gt;&lt;/VALUE&gt;
  &lt;/PROPERTY&gt;
&lt;/INSTANCE&gt;</string>
  <string>&lt;INSTANCE CLASSNAME="SMS_TaskSequenceReferencesInfo"&gt;
  &lt;PROPERTY TYPE="string" NAME="__RELPATH"&gt;
    &lt;VALUE&gt;&lt;/VALUE&gt;
  &lt;/PROPERTY&gt;
  &lt;PROPERTY NAME="PackageID" TYPE="string"&gt;
    &lt;VALUE&gt;P01000CB&lt;/VALUE&gt;
  &lt;/PROPERTY&gt;
  &lt;PROPERTY NAME="ProgramName" TYPE="string"&gt;
    &lt;VALUE&gt;*&lt;/VALUE&gt;
  &lt;/PROPERTY&gt;
  &lt;PROPERTY NAME="ReferenceDescription" TYPE="string"&gt;
    &lt;VALUE&gt;&lt;/VALUE&gt;
  &lt;/PROPERTY&gt;
  &lt;PROPERTY NAME="ReferenceName" TYPE="string"&gt;
    &lt;VALUE&gt;MDT Settings 2012 &lt;/VALUE&gt;
  &lt;/PROPERTY&gt;
  &lt;PROPERTY NAME="ReferencePackageID" TYPE="string"&gt;
    &lt;VALUE&gt;P0100033&lt;/VALUE&gt;
  &lt;/PROPERTY&gt;
  &lt;PROPERTY NAME="ReferencePackageType" TYPE="uint32"&gt;
    &lt;VALUE&gt;0&lt;/VALUE&gt;
  &lt;/PROPERTY&gt;
  &lt;PROPERTY NAME="ReferenceProgramName" TYPE="string"&gt;
    &lt;VALUE&gt;*&lt;/VALUE&gt;
  &lt;/PROPERTY&gt;
  &lt;PROPERTY NAME="ReferenceVersion" TYPE="string"&gt;
    &lt;VALUE&gt;Update 1&lt;/VALUE&gt;
  &lt;/PROPERTY&gt;
&lt;/INSTANCE&gt;</string>
  <string>&lt;INSTANCE CLASSNAME="SMS_TaskSequenceReferencesInfo"&gt;
  &lt;PROPERTY TYPE="string" NAME="__RELPATH"&gt;
    &lt;VALUE&gt;&lt;/VALUE&gt;
  &lt;/PROPERTY&gt;
  &lt;PROPERTY NAME="PackageID" TYPE="string"&gt;
    &lt;VALUE&gt;P01000CB&lt;/VALUE&gt;
  &lt;/PROPERTY&gt;
  &lt;PROPERTY NAME="ProgramName" TYPE="string"&gt;
    &lt;VALUE&gt;*&lt;/VALUE&gt;
  &lt;/PROPERTY&gt;
  &lt;PROPERTY NAME="ReferenceDescription" TYPE="string"&gt;
    &lt;VALUE&gt;&lt;/VALUE&gt;
  &lt;/PROPERTY&gt;
  &lt;PROPERTY NAME="ReferenceName" TYPE="string"&gt;
    &lt;VALUE&gt;Unattend XML&lt;/VALUE&gt;
  &lt;/PROPERTY&gt;
  &lt;PROPERTY NAME="ReferencePackageID" TYPE="string"&gt;
    &lt;VALUE&gt;P0100043&lt;/VALUE&gt;
  &lt;/PROPERTY&gt;
  &lt;PROPERTY NAME="ReferencePackageType" TYPE="uint32"&gt;
    &lt;VALUE&gt;0&lt;/VALUE&gt;
  &lt;/PROPERTY&gt;
  &lt;PROPERTY NAME="ReferenceProgramName" TYPE="string"&gt;
    &lt;VALUE&gt;*&lt;/VALUE&gt;
  &lt;/PROPERTY&gt;
  &lt;PROPERTY NAME="ReferenceVersion" TYPE="string"&gt;
    &lt;VALUE&gt;&lt;/VALUE&gt;
  &lt;/PROPERTY&gt;
&lt;/INSTANCE&gt;</string>
  <string>&lt;INSTANCE CLASSNAME="SMS_TaskSequenceReferencesInfo"&gt;
  &lt;PROPERTY TYPE="string" NAME="__RELPATH"&gt;
    &lt;VALUE&gt;&lt;/VALUE&gt;
  &lt;/PROPERTY&gt;
  &lt;PROPERTY NAME="PackageID" TYPE="string"&gt;
    &lt;VALUE&gt;P01000CB&lt;/VALUE&gt;
  &lt;/PROPERTY&gt;
  &lt;PROPERTY NAME="ProgramName" TYPE="string"&gt;
    &lt;VALUE&gt;*&lt;/VALUE&gt;
  &lt;/PROPERTY&gt;
  &lt;PROPERTY NAME="ReferenceDescription" TYPE="string"&gt;
    &lt;VALUE&gt;&lt;/VALUE&gt;
  &lt;/PROPERTY&gt;
  &lt;PROPERTY NAME="ReferenceName" TYPE="string"&gt;
    &lt;VALUE&gt;Swedish Language Pack&lt;/VALUE&gt;
  &lt;/PROPERTY&gt;
  &lt;PROPERTY NAME="ReferencePackageID" TYPE="string"&gt;
    &lt;VALUE&gt;P0100044&lt;/VALUE&gt;
  &lt;/PROPERTY&gt;
  &lt;PROPERTY NAME="ReferencePackageType" TYPE="uint32"&gt;
    &lt;VALUE&gt;0&lt;/VALUE&gt;
  &lt;/PROPERTY&gt;
  &lt;PROPERTY NAME="ReferenceProgramName" TYPE="string"&gt;
    &lt;VALUE&gt;*&lt;/VALUE&gt;
  &lt;/PROPERTY&gt;
  &lt;PROPERTY NAME="ReferenceVersion" TYPE="string"&gt;
    &lt;VALUE&gt;&lt;/VALUE&gt;
  &lt;/PROPERTY&gt;
&lt;/INSTANCE&gt;</string>
  <string>&lt;INSTANCE CLASSNAME="SMS_TaskSequenceReferencesInfo"&gt;
  &lt;PROPERTY TYPE="string" NAME="__RELPATH"&gt;
    &lt;VALUE&gt;&lt;/VALUE&gt;
  &lt;/PROPERTY&gt;
  &lt;PROPERTY NAME="PackageID" TYPE="string"&gt;
    &lt;VALUE&gt;P01000CB&lt;/VALUE&gt;
  &lt;/PROPERTY&gt;
  &lt;PROPERTY NAME="ProgramName" TYPE="string"&gt;
    &lt;VALUE&gt;*&lt;/VALUE&gt;
  &lt;/PROPERTY&gt;
  &lt;PROPERTY NAME="ReferenceDescription" TYPE="string"&gt;
    &lt;VALUE&gt;&lt;/VALUE&gt;
  &lt;/PROPERTY&gt;
  &lt;PROPERTY NAME="ReferenceName" TYPE="string"&gt;
    &lt;VALUE&gt;Danish Language Pack&lt;/VALUE&gt;
  &lt;/PROPERTY&gt;
  &lt;PROPERTY NAME="ReferencePackageID" TYPE="string"&gt;
    &lt;VALUE&gt;P0100045&lt;/VALUE&gt;
  &lt;/PROPERTY&gt;
  &lt;PROPERTY NAME="ReferencePackageType" TYPE="uint32"&gt;
    &lt;VALUE&gt;0&lt;/VALUE&gt;
  &lt;/PROPERTY&gt;
  &lt;PROPERTY NAME="ReferenceProgramName" TYPE="string"&gt;
    &lt;VALUE&gt;*&lt;/VALUE&gt;
  &lt;/PROPERTY&gt;
  &lt;PROPERTY NAME="ReferenceVersion" TYPE="string"&gt;
    &lt;VALUE&gt;&lt;/VALUE&gt;
  &lt;/PROPERTY&gt;
&lt;/INSTANCE&gt;</string>
  <string>&lt;INSTANCE CLASSNAME="SMS_TaskSequenceReferencesInfo"&gt;
  &lt;PROPERTY TYPE="string" NAME="__RELPATH"&gt;
    &lt;VALUE&gt;&lt;/VALUE&gt;
  &lt;/PROPERTY&gt;
  &lt;PROPERTY NAME="PackageID" TYPE="string"&gt;
    &lt;VALUE&gt;P01000CB&lt;/VALUE&gt;
  &lt;/PROPERTY&gt;
  &lt;PROPERTY NAME="ProgramName" TYPE="string"&gt;
    &lt;VALUE&gt;*&lt;/VALUE&gt;
  &lt;/PROPERTY&gt;
  &lt;PROPERTY NAME="ReferenceDescription" TYPE="string"&gt;
    &lt;VALUE&gt;&lt;/VALUE&gt;
  &lt;/PROPERTY&gt;
  &lt;PROPERTY NAME="ReferenceName" TYPE="string"&gt;
    &lt;VALUE&gt;Finnish Language Pack&lt;/VALUE&gt;
  &lt;/PROPERTY&gt;
  &lt;PROPERTY NAME="ReferencePackageID" TYPE="string"&gt;
    &lt;VALUE&gt;P0100046&lt;/VALUE&gt;
  &lt;/PROPERTY&gt;
  &lt;PROPERTY NAME="ReferencePackageType" TYPE="uint32"&gt;
    &lt;VALUE&gt;0&lt;/VALUE&gt;
  &lt;/PROPERTY&gt;
  &lt;PROPERTY NAME="ReferenceProgramName" TYPE="string"&gt;
    &lt;VALUE&gt;*&lt;/VALUE&gt;
  &lt;/PROPERTY&gt;
  &lt;PROPERTY NAME="ReferenceVersion" TYPE="string"&gt;
    &lt;VALUE&gt;&lt;/VALUE&gt;
  &lt;/PROPERTY&gt;
&lt;/INSTANCE&gt;</string>
  <string>&lt;INSTANCE CLASSNAME="SMS_TaskSequenceReferencesInfo"&gt;
  &lt;PROPERTY TYPE="string" NAME="__RELPATH"&gt;
    &lt;VALUE&gt;&lt;/VALUE&gt;
  &lt;/PROPERTY&gt;
  &lt;PROPERTY NAME="PackageID" TYPE="string"&gt;
    &lt;VALUE&gt;P01000CB&lt;/VALUE&gt;
  &lt;/PROPERTY&gt;
  &lt;PROPERTY NAME="ProgramName" TYPE="string"&gt;
    &lt;VALUE&gt;*&lt;/VALUE&gt;
  &lt;/PROPERTY&gt;
  &lt;PROPERTY NAME="ReferenceDescription" TYPE="string"&gt;
    &lt;VALUE&gt;&lt;/VALUE&gt;
  &lt;/PROPERTY&gt;
  &lt;PROPERTY NAME="ReferenceName" TYPE="string"&gt;
    &lt;VALUE&gt;Norwegian Language Pack&lt;/VALUE&gt;
  &lt;/PROPERTY&gt;
  &lt;PROPERTY NAME="ReferencePackageID" TYPE="string"&gt;
    &lt;VALUE&gt;P0100047&lt;/VALUE&gt;
  &lt;/PROPERTY&gt;
  &lt;PROPERTY NAME="ReferencePackageType" TYPE="uint32"&gt;
    &lt;VALUE&gt;0&lt;/VALUE&gt;
  &lt;/PROPERTY&gt;
  &lt;PROPERTY NAME="ReferenceProgramName" TYPE="string"&gt;
    &lt;VALUE&gt;*&lt;/VALUE&gt;
  &lt;/PROPERTY&gt;
  &lt;PROPERTY NAME="ReferenceVersion" TYPE="string"&gt;
    &lt;VALUE&gt;Windows 8 x64&lt;/VALUE&gt;
  &lt;/PROPERTY&gt;
&lt;/INSTANCE&gt;</string>
  <string>&lt;INSTANCE CLASSNAME="SMS_TaskSequenceReferencesInfo"&gt;
  &lt;PROPERTY TYPE="string" NAME="__RELPATH"&gt;
    &lt;VALUE&gt;&lt;/VALUE&gt;
  &lt;/PROPERTY&gt;
  &lt;PROPERTY NAME="PackageID" TYPE="string"&gt;
    &lt;VALUE&gt;P01000CB&lt;/VALUE&gt;
  &lt;/PROPERTY&gt;
  &lt;PROPERTY NAME="ProgramName" TYPE="string"&gt;
    &lt;VALUE&gt;*&lt;/VALUE&gt;
  &lt;/PROPERTY&gt;
  &lt;PROPERTY NAME="ReferenceDescription" TYPE="string"&gt;
    &lt;VALUE&gt;IMPORTANT - It is recommended that BITS is deployed prior to client upgrade.  Please read documentation for information.&lt;/VALUE&gt;
  &lt;/PROPERTY&gt;
  &lt;PROPERTY NAME="ReferenceName" TYPE="string"&gt;
    &lt;VALUE&gt;Configuration Manager Client Upgrade&lt;/VALUE&gt;
  &lt;/PROPERTY&gt;
  &lt;PROPERTY NAME="ReferencePackageID" TYPE="string"&gt;
    &lt;VALUE&gt;P0100089&lt;/VALUE&gt;
  &lt;/PROPERTY&gt;
  &lt;PROPERTY NAME="ReferencePackageType" TYPE="uint32"&gt;
    &lt;VALUE&gt;0&lt;/VALUE&gt;
  &lt;/PROPERTY&gt;
  &lt;PROPERTY NAME="ReferenceProgramName" TYPE="string"&gt;
    &lt;VALUE&gt;*&lt;/VALUE&gt;
  &lt;/PROPERTY&gt;
  &lt;PROPERTY NAME="ReferenceVersion" TYPE="string"&gt;
    &lt;VALUE&gt;6.0&lt;/VALUE&gt;
  &lt;/PROPERTY&gt;
&lt;/INSTANCE&gt;</string>
  <string>&lt;INSTANCE CLASSNAME="SMS_TaskSequenceReferencesInfo"&gt;
  &lt;PROPERTY TYPE="string" NAME="__RELPATH"&gt;
    &lt;VALUE&gt;&lt;/VALUE&gt;
  &lt;/PROPERTY&gt;
  &lt;PROPERTY NAME="PackageID" TYPE="string"&gt;
    &lt;VALUE&gt;P01000CB&lt;/VALUE&gt;
  &lt;/PROPERTY&gt;
  &lt;PROPERTY NAME="ProgramName" TYPE="string"&gt;
    &lt;VALUE&gt;*&lt;/VALUE&gt;
  &lt;/PROPERTY&gt;
  &lt;PROPERTY NAME="ReferenceDescription" TYPE="string"&gt;
    &lt;VALUE&gt;&lt;/VALUE&gt;
  &lt;/PROPERTY&gt;
  &lt;PROPERTY NAME="ReferenceName" TYPE="string"&gt;
    &lt;VALUE&gt;MDT Toolkit 2013&lt;/VALUE&gt;
  &lt;/PROPERTY&gt;
  &lt;PROPERTY NAME="ReferencePackageID" TYPE="string"&gt;
    &lt;VALUE&gt;P01000AC&lt;/VALUE&gt;
  &lt;/PROPERTY&gt;
  &lt;PROPERTY NAME="ReferencePackageType" TYPE="uint32"&gt;
    &lt;VALUE&gt;0&lt;/VALUE&gt;
  &lt;/PROPERTY&gt;
  &lt;PROPERTY NAME="ReferenceProgramName" TYPE="string"&gt;
    &lt;VALUE&gt;*&lt;/VALUE&gt;
  &lt;/PROPERTY&gt;
  &lt;PROPERTY NAME="ReferenceVersion" TYPE="string"&gt;
    &lt;VALUE&gt;2013&lt;/VALUE&gt;
  &lt;/PROPERTY&gt;
&lt;/INSTANCE&gt;</string>
  <string>&lt;INSTANCE CLASSNAME="SMS_TaskSequenceReferencesInfo"&gt;
  &lt;PROPERTY TYPE="string" NAME="__RELPATH"&gt;
    &lt;VALUE&gt;&lt;/VALUE&gt;
  &lt;/PROPERTY&gt;
  &lt;PROPERTY NAME="PackageID" TYPE="string"&gt;
    &lt;VALUE&gt;P01000CB&lt;/VALUE&gt;
  &lt;/PROPERTY&gt;
  &lt;PROPERTY NAME="ProgramName" TYPE="string"&gt;
    &lt;VALUE&gt;*&lt;/VALUE&gt;
  &lt;/PROPERTY&gt;
  &lt;PROPERTY NAME="ReferenceDescription" TYPE="string"&gt;
    &lt;VALUE&gt;&lt;/VALUE&gt;
  &lt;/PROPERTY&gt;
  &lt;PROPERTY NAME="ReferenceName" TYPE="string"&gt;
    &lt;VALUE&gt;MDT Settings 2013&lt;/VALUE&gt;
  &lt;/PROPERTY&gt;
  &lt;PROPERTY NAME="ReferencePackageID" TYPE="string"&gt;
    &lt;VALUE&gt;P01000AE&lt;/VALUE&gt;
  &lt;/PROPERTY&gt;
  &lt;PROPERTY NAME="ReferencePackageType" TYPE="uint32"&gt;
    &lt;VALUE&gt;0&lt;/VALUE&gt;
  &lt;/PROPERTY&gt;
  &lt;PROPERTY NAME="ReferenceProgramName" TYPE="string"&gt;
    &lt;VALUE&gt;*&lt;/VALUE&gt;
  &lt;/PROPERTY&gt;
  &lt;PROPERTY NAME="ReferenceVersion" TYPE="string"&gt;
    &lt;VALUE&gt;&lt;/VALUE&gt;
  &lt;/PROPERTY&gt;
&lt;/INSTANCE&gt;</string>
  <string>&lt;INSTANCE CLASSNAME="SMS_TaskSequenceReferencesInfo"&gt;
  &lt;PROPERTY TYPE="string" NAME="__RELPATH"&gt;
    &lt;VALUE&gt;&lt;/VALUE&gt;
  &lt;/PROPERTY&gt;
  &lt;PROPERTY NAME="PackageID" TYPE="string"&gt;
    &lt;VALUE&gt;P01000CB&lt;/VALUE&gt;
  &lt;/PROPERTY&gt;
  &lt;PROPERTY NAME="ProgramName" TYPE="string"&gt;
    &lt;VALUE&gt;*&lt;/VALUE&gt;
  &lt;/PROPERTY&gt;
  &lt;PROPERTY NAME="ReferenceDescription" TYPE="string"&gt;
    &lt;VALUE&gt;Windows 8.1 x64 Update&lt;/VALUE&gt;
  &lt;/PROPERTY&gt;
  &lt;PROPERTY NAME="ReferenceName" TYPE="string"&gt;
    &lt;VALUE&gt;Windows 8.1 X64 Enterprise with Update&lt;/VALUE&gt;
  &lt;/PROPERTY&gt;
  &lt;PROPERTY NAME="ReferencePackageID" TYPE="string"&gt;
    &lt;VALUE&gt;P01000C6&lt;/VALUE&gt;
  &lt;/PROPERTY&gt;
  &lt;PROPERTY NAME="ReferencePackageType" TYPE="uint32"&gt;
    &lt;VALUE&gt;257&lt;/VALUE&gt;
  &lt;/PROPERTY&gt;
  &lt;PROPERTY NAME="ReferenceProgramName" TYPE="string"&gt;
    &lt;VALUE&gt;*&lt;/VALUE&gt;
  &lt;/PROPERTY&gt;
  &lt;PROPERTY NAME="ReferenceVersion" TYPE="string"&gt;
    &lt;VALUE&gt;X64&lt;/VALUE&gt;
  &lt;/PROPERTY&gt;
&lt;/INSTANCE&gt;</string>
  <string>&lt;INSTANCE CLASSNAME="SMS_TaskSequenceReferencesInfo"&gt;
  &lt;PROPERTY TYPE="string" NAME="__RELPATH"&gt;
    &lt;VALUE&gt;&lt;/VALUE&gt;
  &lt;/PROPERTY&gt;
  &lt;PROPERTY NAME="PackageID" TYPE="string"&gt;
    &lt;VALUE&gt;P01000CB&lt;/VALUE&gt;
  &lt;/PROPERTY&gt;
  &lt;PROPERTY NAME="ProgramName" TYPE="string"&gt;
    &lt;VALUE&gt;*&lt;/VALUE&gt;
  &lt;/PROPERTY&gt;
  &lt;PROPERTY NAME="ReferenceDescription" TYPE="string"&gt;
    &lt;VALUE&gt;&lt;/VALUE&gt;
  &lt;/PROPERTY&gt;
  &lt;PROPERTY NAME="ReferenceName" TYPE="string"&gt;
    &lt;VALUE&gt;UEFI BitLocker HTA&lt;/VALUE&gt;
  &lt;/PROPERTY&gt;
  &lt;PROPERTY NAME="ReferencePackageID" TYPE="string"&gt;
    &lt;VALUE&gt;P01000CA&lt;/VALUE&gt;
  &lt;/PROPERTY&gt;
  &lt;PROPERTY NAME="ReferencePackageType" TYPE="uint32"&gt;
    &lt;VALUE&gt;0&lt;/VALUE&gt;
  &lt;/PROPERTY&gt;
  &lt;PROPERTY NAME="ReferenceProgramName" TYPE="string"&gt;
    &lt;VALUE&gt;*&lt;/VALUE&gt;
  &lt;/PROPERTY&gt;
  &lt;PROPERTY NAME="ReferenceVersion" TYPE="string"&gt;
    &lt;VALUE&gt;&lt;/VALUE&gt;
  &lt;/PROPERTY&gt;
&lt;/INSTANCE&gt;</string>
  <string>&lt;INSTANCE CLASSNAME="SMS_TaskSequenceReferencesInfo"&gt;
  &lt;PROPERTY TYPE="string" NAME="__RELPATH"&gt;
    &lt;VALUE&gt;&lt;/VALUE&gt;
  &lt;/PROPERTY&gt;
  &lt;PROPERTY NAME="PackageID" TYPE="string"&gt;
    &lt;VALUE&gt;P01000CB&lt;/VALUE&gt;
  &lt;/PROPERTY&gt;
  &lt;PROPERTY NAME="ProgramName" TYPE="string"&gt;
    &lt;VALUE&gt;*&lt;/VALUE&gt;
  &lt;/PROPERTY&gt;
  &lt;PROPERTY NAME="ReferenceDescription" TYPE="string"&gt;
    &lt;VALUE&gt;&lt;/VALUE&gt;
  &lt;/PROPERTY&gt;
  &lt;PROPERTY NAME="ReferenceName" TYPE="string"&gt;
    &lt;VALUE&gt;Windows 8.1 with Update German LP&lt;/VALUE&gt;
  &lt;/PROPERTY&gt;
  &lt;PROPERTY NAME="ReferencePackageID" TYPE="string"&gt;
    &lt;VALUE&gt;P01000D2&lt;/VALUE&gt;
  &lt;/PROPERTY&gt;
  &lt;PROPERTY NAME="ReferencePackageType" TYPE="uint32"&gt;
    &lt;VALUE&gt;0&lt;/VALUE&gt;
  &lt;/PROPERTY&gt;
  &lt;PROPERTY NAME="ReferenceProgramName" TYPE="string"&gt;
    &lt;VALUE&gt;*&lt;/VALUE&gt;
  &lt;/PROPERTY&gt;
  &lt;PROPERTY NAME="ReferenceVersion" TYPE="string"&gt;
    &lt;VALUE&gt;&lt;/VALUE&gt;
  &lt;/PROPERTY&gt;
&lt;/INSTANCE&gt;</string>
  <string>&lt;INSTANCE CLASSNAME="SMS_TaskSequenceReferencesInfo"&gt;
  &lt;PROPERTY TYPE="string" NAME="__RELPATH"&gt;
    &lt;VALUE&gt;&lt;/VALUE&gt;
  &lt;/PROPERTY&gt;
  &lt;PROPERTY NAME="PackageID" TYPE="string"&gt;
    &lt;VALUE&gt;P01000CB&lt;/VALUE&gt;
  &lt;/PROPERTY&gt;
  &lt;PROPERTY NAME="ProgramName" TYPE="string"&gt;
    &lt;VALUE&gt;*&lt;/VALUE&gt;
  &lt;/PROPERTY&gt;
  &lt;PROPERTY NAME="ReferenceDescription" TYPE="string"&gt;
    &lt;VALUE&gt;&lt;/VALUE&gt;
  &lt;/PROPERTY&gt;
  &lt;PROPERTY NAME="ReferenceName" TYPE="string"&gt;
    &lt;VALUE&gt;CM12 UEFI BitLocker HTA Scripts&lt;/VALUE&gt;
  &lt;/PROPERTY&gt;
  &lt;PROPERTY NAME="ReferencePackageID" TYPE="string"&gt;
    &lt;VALUE&gt;P01000D3&lt;/VALUE&gt;
  &lt;/PROPERTY&gt;
  &lt;PROPERTY NAME="ReferencePackageType" TYPE="uint32"&gt;
    &lt;VALUE&gt;0&lt;/VALUE&gt;
  &lt;/PROPERTY&gt;
  &lt;PROPERTY NAME="ReferenceProgramName" TYPE="string"&gt;
    &lt;VALUE&gt;*&lt;/VALUE&gt;
  &lt;/PROPERTY&gt;
  &lt;PROPERTY NAME="ReferenceVersion" TYPE="string"&gt;
    &lt;VALUE&gt;&lt;/VALUE&gt;
  &lt;/PROPERTY&gt;
&lt;/INSTANCE&gt;</string>
  <string>&lt;INSTANCE CLASSNAME="SMS_TaskSequenceReferencesInfo"&gt;
  &lt;PROPERTY TYPE="string" NAME="__RELPATH"&gt;
    &lt;VALUE&gt;&lt;/VALUE&gt;
  &lt;/PROPERTY&gt;
  &lt;PROPERTY NAME="PackageID" TYPE="string"&gt;
    &lt;VALUE&gt;P01000CB&lt;/VALUE&gt;
  &lt;/PROPERTY&gt;
  &lt;PROPERTY NAME="ProgramName" TYPE="string"&gt;
    &lt;VALUE&gt;*&lt;/VALUE&gt;
  &lt;/PROPERTY&gt;
  &lt;PROPERTY NAME="ReferenceDescription" TYPE="string"&gt;
    &lt;VALUE&gt;&lt;/VALUE&gt;
  &lt;/PROPERTY&gt;
  &lt;PROPERTY NAME="ReferenceName" TYPE="string"&gt;
    &lt;VALUE&gt;Windows 8.1 x64 - Microsoft Surface Pro 3&lt;/VALUE&gt;
  &lt;/PROPERTY&gt;
  &lt;PROPERTY NAME="ReferencePackageID" TYPE="string"&gt;
    &lt;VALUE&gt;P01000D5&lt;/VALUE&gt;
  &lt;/PROPERTY&gt;
  &lt;PROPERTY NAME="ReferencePackageType" TYPE="uint32"&gt;
    &lt;VALUE&gt;3&lt;/VALUE&gt;
  &lt;/PROPERTY&gt;
  &lt;PROPERTY NAME="ReferenceProgramName" TYPE="string"&gt;
    &lt;VALUE&gt;*&lt;/VALUE&gt;
  &lt;/PROPERTY&gt;
  &lt;PROPERTY NAME="ReferenceVersion" TYPE="string"&gt;
    &lt;VALUE&gt;&lt;/VALUE&gt;
  &lt;/PROPERTY&gt;
&lt;/INSTANCE&gt;</string>
  <string>&lt;INSTANCE CLASSNAME="SMS_TaskSequenceReferencesInfo"&gt;
  &lt;PROPERTY TYPE="string" NAME="__RELPATH"&gt;
    &lt;VALUE&gt;&lt;/VALUE&gt;
  &lt;/PROPERTY&gt;
  &lt;PROPERTY NAME="PackageID" TYPE="string"&gt;
    &lt;VALUE&gt;P01000CB&lt;/VALUE&gt;
  &lt;/PROPERTY&gt;
  &lt;PROPERTY NAME="ProgramName" TYPE="string"&gt;
    &lt;VALUE&gt;*&lt;/VALUE&gt;
  &lt;/PROPERTY&gt;
  &lt;PROPERTY NAME="ReferenceDescription" TYPE="string"&gt;
    &lt;VALUE&gt;&lt;/VALUE&gt;
  &lt;/PROPERTY&gt;
  &lt;PROPERTY NAME="ReferenceName" TYPE="string"&gt;
    &lt;VALUE&gt;Windows 8.1 x64 - Microsoft Surface Pro 1&lt;/VALUE&gt;
  &lt;/PROPERTY&gt;
  &lt;PROPERTY NAME="ReferencePackageID" TYPE="string"&gt;
    &lt;VALUE&gt;P01000D7&lt;/VALUE&gt;
  &lt;/PROPERTY&gt;
  &lt;PROPERTY NAME="ReferencePackageType" TYPE="uint32"&gt;
    &lt;VALUE&gt;3&lt;/VALUE&gt;
  &lt;/PROPERTY&gt;
  &lt;PROPERTY NAME="ReferenceProgramName" TYPE="string"&gt;
    &lt;VALUE&gt;*&lt;/VALUE&gt;
  &lt;/PROPERTY&gt;
  &lt;PROPERTY NAME="ReferenceVersion" TYPE="string"&gt;
    &lt;VALUE&gt;&lt;/VALUE&gt;
  &lt;/PROPERTY&gt;
&lt;/INSTANCE&gt;</string>
</ArrayOfString>